kappa,xi,zeta,Lambda
0.0,0.1,0.1,1.03
0.01694915254237288,0.1,0.1,1.0215254237288136
0.03389830508474576,0.1,0.1,1.0130508474576272
0.05084745762711865,0.1,0.1,1.0045762711864408
0.06779661016949153,0.1,0.1,0.9961016949152542
0.0847457627118644,0.1,0.1,0.9876271186440678
0.1016949152542373,0.1,0.1,0.9791525423728814
0.11864406779661017,0.1,0.1,0.9706779661016949
0.13559322033898305,0.1,0.1,0.9622033898305085
0.15254237288135594,0.1,0.1,0.953728813559322
0.1694915254237288,0.1,0.1,0.9452542372881356
0.1864406779661017,0.1,0.1,0.9367796610169492
0.2033898305084746,0.1,0.1,0.9283050847457627
0.22033898305084745,0.1,0.1,0.9198305084745763
0.23728813559322035,0.1,0.1,0.9113559322033898
0.2542372881355932,0.1,0.1,0.9028813559322034
0.2711864406779661,0.1,0.1,0.8944067796610169
0.288135593220339,0.1,0.1,0.8859322033898305
0.3050847457627119,0.1,0.1,0.8774576271186441
0.3220338983050847,0.1,0.1,0.8689830508474576
0.3389830508474576,0.1,0.1,0.8605084745762712
0.3559322033898305,0.1,0.1,0.8520338983050848
0.3728813559322034,0.1,0.1,0.8435593220338984
0.3898305084745763,0.1,0.1,0.8350847457627119
0.4067796610169492,0.1,0.1,0.8266101694915254
0.423728813559322,0.1,0.1,0.818135593220339
0.4406779661016949,0.1,0.1,0.8096610169491525
0.4576271186440678,0.1,0.1,0.8011864406779661
0.4745762711864407,0.1,0.1,0.7927118644067797
0.4915254237288136,0.1,0.1,0.7842372881355932
0.5084745762711864,0.1,0.1,0.7757627118644068
0.5254237288135594,0.1,0.1,0.7672881355932204
0.5423728813559322,0.1,0.1,0.758813559322034
0.559322033898305,0.1,0.1,0.7503389830508476
0.576271186440678,0.1,0.1,0.741864406779661
0.5932203389830508,0.1,0.1,0.7333898305084746
0.6101694915254238,0.1,0.1,0.7249152542372881
0.6271186440677966,0.1,0.1,0.7164406779661017
0.6440677966101694,0.1,0.1,0.7079661016949153
0.6610169491525424,0.1,0.1,0.6994915254237288
0.6779661016949152,0.1,0.1,0.6910169491525424
0.6949152542372882,0.1,0.1,0.682542372881356
0.711864406779661,0.1,0.1,0.6740677966101696
0.7288135593220338,0.1,0.1,0.6655932203389832
0.7457627118644068,0.1,0.1,0.6571186440677966
0.7627118644067796,0.1,0.1,0.6486440677966102
0.7796610169491526,0.1,0.1,0.6401694915254237
0.7966101694915254,0.1,0.1,0.6316949152542373
0.8135593220338984,0.1,0.1,0.6232203389830508
0.8305084745762712,0.1,0.1,0.6147457627118644
0.847457627118644,0.1,0.1,0.606271186440678
0.864406779661017,0.1,0.1,0.5977966101694916
0.8813559322033898,0.1,0.1,0.5893220338983052
0.8983050847457628,0.1,0.1,0.5808474576271186
0.9152542372881356,0.1,0.1,0.5723728813559322
0.9322033898305084,0.1,0.1,0.5638983050847458
0.9491525423728814,0.1,0.1,0.5554237288135593
0.9661016949152542,0.1,0.1,0.5469491525423729
0.9830508474576272,0.1,0.1,0.5384745762711864
1.0,0.1,0.1,0.53
0.0,0.2,0.3,1.07
0.01694915254237288,0.2,0.3,1.0615254237288136
0.03389830508474576,0.2,0.3,1.0530508474576272
0.05084745762711865,0.2,0.3,1.0445762711864406
0.06779661016949153,0.2,0.3,1.0361016949152542
0.0847457627118644,0.2,0.3,1.0276271186440677
0.1016949152542373,0.2,0.3,1.0191525423728813
0.11864406779661017,0.2,0.3,1.010677966101695
0.13559322033898305,0.2,0.3,1.0022033898305085
0.15254237288135594,0.2,0.3,0.9937288135593221
0.1694915254237288,0.2,0.3,0.9852542372881357
0.1864406779661017,0.2,0.3,0.9767796610169491
0.2033898305084746,0.2,0.3,0.9683050847457627
0.22033898305084745,0.2,0.3,0.9598305084745763
0.23728813559322035,0.2,0.3,0.9513559322033899
0.2542372881355932,0.2,0.3,0.9428813559322033
0.2711864406779661,0.2,0.3,0.9344067796610169
0.288135593220339,0.2,0.3,0.9259322033898305
0.3050847457627119,0.2,0.3,0.9174576271186441
0.3220338983050847,0.2,0.3,0.9089830508474577
0.3389830508474576,0.2,0.3,0.9005084745762713
0.3559322033898305,0.2,0.3,0.8920338983050847
0.3728813559322034,0.2,0.3,0.8835593220338983
0.3898305084745763,0.2,0.3,0.8750847457627119
0.4067796610169492,0.2,0.3,0.8666101694915254
0.423728813559322,0.2,0.3,0.8581355932203389
0.4406779661016949,0.2,0.3,0.8496610169491525
0.4576271186440678,0.2,0.3,0.8411864406779661
0.4745762711864407,0.2,0.3,0.8327118644067797
0.4915254237288136,0.2,0.3,0.8242372881355933
0.5084745762711864,0.2,0.3,0.8157627118644069
0.5254237288135594,0.2,0.3,0.8072881355932203
0.5423728813559322,0.2,0.3,0.7988135593220339
0.559322033898305,0.2,0.3,0.7903389830508475
0.576271186440678,0.2,0.3,0.781864406779661
0.5932203389830508,0.2,0.3,0.7733898305084747
0.6101694915254238,0.2,0.3,0.7649152542372881
0.6271186440677966,0.2,0.3,0.7564406779661017
0.6440677966101694,0.2,0.3,0.7479661016949153
0.6610169491525424,0.2,0.3,0.7394915254237289
0.6779661016949152,0.2,0.3,0.7310169491525425
0.6949152542372882,0.2,0.3,0.7225423728813559
0.711864406779661,0.2,0.3,0.7140677966101695
0.7288135593220338,0.2,0.3,0.7055932203389831
0.7457627118644068,0.2,0.3,0.6971186440677967
0.7627118644067796,0.2,0.3,0.6886440677966102
0.7796610169491526,0.2,0.3,0.6801694915254237
0.7966101694915254,0.2,0.3,0.6716949152542373
0.8135593220338984,0.2,0.3,0.6632203389830509
0.8305084745762712,0.2,0.3,0.6547457627118645
0.847457627118644,0.2,0.3,0.646271186440678
0.864406779661017,0.2,0.3,0.6377966101694915
0.8813559322033898,0.2,0.3,0.6293220338983051
0.8983050847457628,0.2,0.3,0.6208474576271187
0.9152542372881356,0.2,0.3,0.6123728813559323
0.9322033898305084,0.2,0.3,0.6038983050847458
0.9491525423728814,0.2,0.3,0.5954237288135593
0.9661016949152542,0.2,0.3,0.5869491525423729
0.9830508474576272,0.2,0.3,0.5784745762711865
1.0,0.2,0.3,0.5700000000000001
0.0,0.4,0.5,1.13
0.01694915254237288,0.4,0.5,1.1215254237288135
0.03389830508474576,0.4,0.5,1.113050847457627
0.05084745762711865,0.4,0.5,1.1045762711864406
0.06779661016949153,0.4,0.5,1.0961016949152542
0.0847457627118644,0.4,0.5,1.0876271186440678
0.1016949152542373,0.4,0.5,1.0791525423728814
0.11864406779661017,0.4,0.5,1.070677966101695
0.13559322033898305,0.4,0.5,1.0622033898305085
0.15254237288135594,0.4,0.5,1.0537288135593221
0.1694915254237288,0.4,0.5,1.0452542372881357
0.1864406779661017,0.4,0.5,1.036779661016949
0.2033898305084746,0.4,0.5,1.0283050847457627
0.22033898305084745,0.4,0.5,1.0198305084745762
0.23728813559322035,0.4,0.5,1.0113559322033898
0.2542372881355932,0.4,0.5,1.0028813559322034
0.2711864406779661,0.4,0.5,0.994406779661017
0.288135593220339,0.4,0.5,0.9859322033898306
0.3050847457627119,0.4,0.5,0.977457627118644
0.3220338983050847,0.4,0.5,0.9689830508474576
0.3389830508474576,0.4,0.5,0.9605084745762712
0.3559322033898305,0.4,0.5,0.9520338983050848
0.3728813559322034,0.4,0.5,0.9435593220338984
0.3898305084745763,0.4,0.5,0.9350847457627118
0.4067796610169492,0.4,0.5,0.9266101694915254
0.423728813559322,0.4,0.5,0.918135593220339
0.4406779661016949,0.4,0.5,0.9096610169491526
0.4576271186440678,0.4,0.5,0.9011864406779662
0.4745762711864407,0.4,0.5,0.8927118644067796
0.4915254237288136,0.4,0.5,0.8842372881355932
0.5084745762711864,0.4,0.5,0.8757627118644068
0.5254237288135594,0.4,0.5,0.8672881355932203
0.5423728813559322,0.4,0.5,0.8588135593220338
0.559322033898305,0.4,0.5,0.8503389830508474
0.576271186440678,0.4,0.5,0.841864406779661
0.5932203389830508,0.4,0.5,0.8333898305084746
0.6101694915254238,0.4,0.5,0.8249152542372882
0.6271186440677966,0.4,0.5,0.8164406779661018
0.6440677966101694,0.4,0.5,0.8079661016949153
0.6610169491525424,0.4,0.5,0.7994915254237288
0.6779661016949152,0.4,0.5,0.7910169491525424
0.6949152542372882,0.4,0.5,0.7825423728813559
0.711864406779661,0.4,0.5,0.7740677966101694
0.7288135593220338,0.4,0.5,0.765593220338983
0.7457627118644068,0.4,0.5,0.7571186440677966
0.7627118644067796,0.4,0.5,0.7486440677966102
0.7796610169491526,0.4,0.5,0.7401694915254238
0.7966101694915254,0.4,0.5,0.7316949152542374
0.8135593220338984,0.4,0.5,0.7232203389830508
0.8305084745762712,0.4,0.5,0.7147457627118644
0.847457627118644,0.4,0.5,0.706271186440678
0.864406779661017,0.4,0.5,0.6977966101694915
0.8813559322033898,0.4,0.5,0.689322033898305
0.8983050847457628,0.4,0.5,0.6808474576271186
0.9152542372881356,0.4,0.5,0.6723728813559322
0.9322033898305084,0.4,0.5,0.6638983050847458
0.9491525423728814,0.4,0.5,0.6554237288135594
0.9661016949152542,0.4,0.5,0.646949152542373
0.9830508474576272,0.4,0.5,0.6384745762711864
1.0,0.4,0.5,0.63
0.0,0.8,0.8,1.24
0.01694915254237288,0.8,0.8,1.2315254237288136
0.03389830508474576,0.8,0.8,1.2230508474576272
0.05084745762711865,0.8,0.8,1.2145762711864407
0.06779661016949153,0.8,0.8,1.2061016949152543
0.0847457627118644,0.8,0.8,1.197627118644068
0.1016949152542373,0.8,0.8,1.1891525423728815
0.11864406779661017,0.8,0.8,1.1806779661016948
0.13559322033898305,0.8,0.8,1.1722033898305084
0.15254237288135594,0.8,0.8,1.163728813559322
0.1694915254237288,0.8,0.8,1.1552542372881356
0.1864406779661017,0.8,0.8,1.1467796610169492
0.2033898305084746,0.8,0.8,1.1383050847457628
0.22033898305084745,0.8,0.8,1.1298305084745763
0.23728813559322035,0.8,0.8,1.12135593220339
0.2542372881355932,0.8,0.8,1.1128813559322035
0.2711864406779661,0.8,0.8,1.104406779661017
0.288135593220339,0.8,0.8,1.0959322033898307
0.3050847457627119,0.8,0.8,1.087457627118644
0.3220338983050847,0.8,0.8,1.0789830508474576
0.3389830508474576,0.8,0.8,1.0705084745762712
0.3559322033898305,0.8,0.8,1.0620338983050848
0.3728813559322034,0.8,0.8,1.0535593220338983
0.3898305084745763,0.8,0.8,1.045084745762712
0.4067796610169492,0.8,0.8,1.0366101694915255
0.423728813559322,0.8,0.8,1.028135593220339
0.4406779661016949,0.8,0.8,1.0196610169491527
0.4576271186440678,0.8,0.8,1.011186440677966
0.4745762711864407,0.8,0.8,1.0027118644067796
0.4915254237288136,0.8,0.8,0.9942372881355932
0.5084745762711864,0.8,0.8,0.9857627118644068
0.5254237288135594,0.8,0.8,0.9772881355932204
0.5423728813559322,0.8,0.8,0.968813559322034
0.559322033898305,0.8,0.8,0.9603389830508475
0.576271186440678,0.8,0.8,0.9518644067796611
0.5932203389830508,0.8,0.8,0.9433898305084747
0.6101694915254238,0.8,0.8,0.9349152542372882
0.6271186440677966,0.8,0.8,0.9264406779661017
0.6440677966101694,0.8,0.8,0.9179661016949153
0.6610169491525424,0.8,0.8,0.9094915254237288
0.6779661016949152,0.8,0.8,0.9010169491525424
0.6949152542372882,0.8,0.8,0.892542372881356
0.711864406779661,0.8,0.8,0.8840677966101695
0.7288135593220338,0.8,0.8,0.8755932203389831
0.7457627118644068,0.8,0.8,0.8671186440677967
0.7627118644067796,0.8,0.8,0.8586440677966103
0.7796610169491526,0.8,0.8,0.8501694915254238
0.7966101694915254,0.8,0.8,0.8416949152542373
0.8135593220338984,0.8,0.8,0.8332203389830508
0.8305084745762712,0.8,0.8,0.8247457627118644
0.847457627118644,0.8,0.8,0.816271186440678
0.864406779661017,0.8,0.8,0.8077966101694916
0.8813559322033898,0.8,0.8,0.7993220338983051
0.8983050847457628,0.8,0.8,0.7908474576271187
0.9152542372881356,0.8,0.8,0.7823728813559323
0.9322033898305084,0.8,0.8,0.7738983050847459
0.9491525423728814,0.8,0.8,0.7654237288135594
0.9661016949152542,0.8,0.8,0.7569491525423729
0.9830508474576272,0.8,0.8,0.7484745762711864
1.0,0.8,0.8,0.74
