theta,pi_theta,marginal_return,s_star
0.7687368078106284,0.13094211726628008,0.007977524755383589,0.07977524755383589
0.15367745762984852,0.346212889829553,-0.020007675677841893,0.0
0.3262972578492902,0.2857959597527484,-0.0121534747678573,0.0
0.827238421640167,0.11046655242594156,0.010639348184627596,0.10639348184627596
0.48353827830790225,0.23076160259223422,-0.004999008336990452,0.0
0.7760967004948838,0.1283661548267907,0.008312399872517206,0.08312399872517207
0.1931650154737753,0.33239224458417865,-0.018210991795943227,0.0
0.6448673909088856,0.17429641318189004,0.0023414662863542914,0.023414662863542914
0.5171522702256081,0.2189967054210372,-0.0034695717047348376,0.0
0.5493364109068043,0.2077322561826185,-0.00200519330374041,0.0
0.5337328928885867,0.21319348748899467,-0.002715153373569309,0.0
0.17925019015465057,0.3372624334458723,-0.018844116347963406,0.0
0.280491223059095,0.30182807192931677,-0.01423764935081118,0.0
0.33711642247498863,0.282009252133754,-0.011661202777388021,0.0
0.15780700754318114,0.34476754735988663,-0.019819781156785263,0.0
0.6807836108502819,0.16172573620240133,0.003975654293687826,0.03975654293687826
0.48937907444477424,0.22871732394432903,-0.004733252112762779,0.0
0.6544363389434757,0.1709472813697835,0.0027768534219281445,0.027768534219281445
0.6135604465391138,0.18525384371131018,0.0009170003175296738,0.009170003175296738
0.4035913794426917,0.2587430171950579,-0.008636592235357527,0.0
0.24841897718963382,0.3130533579836282,-0.01569693653787167,0.0
0.6985934116321245,0.15549230592875643,0.00478600022926166,0.0478600022926166
0.6655553058047902,0.16705564296832345,0.0032827664141179477,0.03282766414117948
0.5242845018516896,0.21650042435190864,-0.0031450551657481243,0.0
0.6792692568891533,0.16225576008879636,0.003906751188456469,0.03906751188456469
0.41533472211854805,0.2546328472585082,-0.00810227014360607,0.0
0.3797957605728912,0.2670714837994881,-0.009719292893933456,0.0
0.38121128217051,0.2665760512403215,-0.009654886661241802,0.0
0.35508245587846543,0.2757211404425371,-0.010843748257529828,0.0
0.5311481077596143,0.214098162284135,-0.002832761096937555,0.0
0.8887095175903122,0.08895166884339073,0.013436283050359203,0.13436283050359205
0.792043899858825,0.12278463504941128,0.009037997443576532,0.09037997443576531
0.48309163069903244,0.23091792925533866,-0.005019330803194028,0.0
0.16856881212901148,0.341000915754846,-0.019330119048129982,0.0
0.8673382587151925,0.0964316094496826,0.01246389077154126,0.1246389077154126
0.8648508877127795,0.09730218930052714,0.01235071539093147,0.12350715390931469
0.44383503299592936,0.24465773845142474,-0.006805505998685218,0.0
0.9513277498257418,0.06703528756099036,0.01628541261707125,0.16285412617071252
0.8787954545818897,0.09242159089633861,0.012985193183475978,0.1298519318347598
0.3212913806229922,0.28754801678195274,-0.012381242181653863,0.0
0.2741606242720409,0.3040437815047857,-0.014525691595622146,0.0
0.6250878120209233,0.18121926579267683,0.0014414954469520076,0.014414954469520076
0.10625369267017476,0.36281120756543883,-0.02216545698350705,0.0
0.5490836306862328,0.20782072925981854,-0.002016694803776413,0.0
0.718280409510367,0.14860185667137155,0.0056817586327216965,0.056817586327216965
0.19275330861412096,0.33253634198505766,-0.0182297244580575,0.0
0.02206153353152376,0.3922784632639667,-0.025996200224315678,0.0
0.5966799725747916,0.19116200959882296,0.00014893875215301125,0.0014893875215301125
0.6822781641237673,0.16120264255668146,0.004043656467631409,0.04043656467631409
0.6960026008105544,0.15639908971630595,0.004668118336880224,0.04668118336880224
0.5511399236419668,0.2071010267253116,-0.0019231334742905136,0.0
0.4959207393101614,0.22642774124144352,-0.004435606361387661,0.0
0.6815878373033055,0.16144425694384307,0.004012246597300397,0.04012246597300397
0.41986445619885526,0.25304744033040066,-0.007896167242952088,0.0
0.8367878273626541,0.10712426042307105,0.011073846145000761,0.11073846145000761
0.07213705172059885,0.37475203189779044,-0.02371776414671276,0.0
0.5863818813254531,0.1947663415360914,-0.00031962439969188475,0.0
0.4766605247516725,0.23316881633691464,-0.005311946123798907,0.0
0.3517254807948359,0.27689608172180746,-0.010996490623834971,0.0
0.7675807933959217,0.1313467223114274,0.007924926099514434,0.07924926099514434
0.5112472145720767,0.22106347489977318,-0.0037382517369705173,0.0
0.47784833949499483,0.2327530811767518,-0.005257900552977739,0.0
0.5768410373852991,0.19810563691514532,-0.0007537327989688945,0.0
0.7561282761472033,0.13535510334847883,0.007403836564697747,0.07403836564697747
0.5664041915848064,0.2017585329453178,-0.0012286092828913166,0.0
0.41265817723151826,0.2555696379689686,-0.008224052935965922,0.0
0.6844808481782274,0.1604317031376204,0.004143878592109344,0.04143878592109344
0.9640418404591437,0.0625853558392997,0.016863903740891036,0.16863903740891034
0.683037972423546,0.16093670965175888,0.004078227745271341,0.040782277452713414
0.5650591498000572,0.20222929756997998,-0.0012898086840974002,0.0
0.6740992101281538,0.16406527645514618,0.0036715140608309937,0.03671514060830994
0.16583289740382054,0.34195848590866285,-0.01945460316812617,0.0
0.23539355131211936,0.31761225704075824,-0.016289593415298575,0.0
0.34008150100013534,0.28097147464995265,-0.01152629170449385,0.0
0.42027845197387576,0.2529025418091435,-0.007877330435188661,0.0
0.6583962118912813,0.16956132583805156,0.0029570276410532947,0.029570276410532947
0.3193095115524173,0.28824167095665393,-0.012471417224365015,0.0
0.8017947452093129,0.11937183917674049,0.009481660907023733,0.09481660907023734
0.7781280662458234,0.12765517681396182,0.008404827014184959,0.0840482701418496
0.27311943964857177,0.3044081961229999,-0.014573065495989992,0.0
0.22206473214950836,0.3222773437476721,-0.016896054687197373,0.0
0.09827152334596397,0.36560496682891264,-0.022528645687758645,0.0
0.2802360861132211,0.30191736986037265,-0.014249258081848449,0.0
0.40185368987807324,0.25935120854267435,-0.008715657110547666,0.0
0.5507606479235697,0.2072337732267506,-0.0019403905194775826,0.0
0.41695232283302824,0.25406668700844015,-0.008028669311097223,0.0
0.25399719795253606,0.3111009807166124,-0.015443127493159615,0.0
0.6750748539808207,0.16372380110671275,0.003715905856127341,0.03715905856127341
0.2762547030297853,0.3033108539395752,-0.014430411012144779,0.0
0.12388962293656,0.356638631972204,-0.021363022156386528,0.0
0.37653973988059575,0.2682110910417915,-0.009867441835432905,0.0
0.44214793217024745,0.2452482237404134,-0.006882269086253747,0.0
0.400409195925371,0.2598567814261201,-0.008781381585395622,0.0
0.3534347107550214,0.2762978512357425,-0.010918720660646534,0.0
0.43616330359237643,0.24734284374266827,-0.007154569686546878,0.0
0.6686315384406764,0.16597896154576328,0.003422734999050773,0.03422734999050773
0.36562914384355794,0.2720297996547547,-0.010363873955118116,0.0
0.8462449841297669,0.10381425555458157,0.011504146777904393,0.11504146777904393
0.4499918380007864,0.24250285669972477,-0.006525371370964223,0.0
0.22470834002509824,0.32135208099121565,-0.01677577052885804,0.0
0.8237263758459932,0.11169576845390239,0.010479550100992687,0.10479550100992688
0.6844573261973825,0.16043993583091612,0.004142808341980903,0.04142808341980903
0.8568256610197056,0.10011101864310301,0.011985567576396607,0.11985567576396607
0.7548254814003451,0.1358110815098792,0.007344559403715704,0.07344559403715703
0.23571748104733353,0.31749888163343326,-0.016274854612346328,0.0
0.24806535616622788,0.31317712534182024,-0.015713026294436636,0.0
0.5074338602426897,0.22239814891505863,-0.003911759358957625,0.0
0.30221425529367635,0.2942250106472133,-0.013249251384137729,0.0
0.7153364986329016,0.14963222547848443,0.005547810687797021,0.05547810687797021
0.6737802180888662,0.16417692366889683,0.00365699992304341,0.0365699992304341
0.49316082690300334,0.22739371058394883,-0.004561182375913353,0.0
0.6060633403495194,0.1878778308776682,0.0005758819859031303,0.005758819859031303
0.24111903617513408,0.3156083373387031,-0.016029083854031404,0.0
0.5297984207610282,0.21457055273364012,-0.0028941718553732176,0.0
0.30707014414082395,0.29252544955071164,-0.013028308441592518,0.0
0.3015826983717617,0.2944460555698834,-0.013277987224084842,0.0
0.4125109769802839,0.25562115805690067,-0.008230750547397091,0.0
0.7286616016216125,0.1449684394324356,0.00615410287378337,0.0615410287378337
0.24141315661350554,0.3155053951852731,-0.01601570137408551,0.0
0.617436885276456,0.1838970901532404,0.001093378280078744,0.01093378280078744
0.523180042902061,0.21688698498427866,-0.00319530804795623,0.0
0.8606325731817087,0.09877859938640193,0.012158782079767746,0.12158782079767746
0.5525847865799268,0.20659532469702563,-0.0018573922106133352,0.0
0.44407965388513615,0.24457212114020235,-0.006794375748226309,0.0
0.18072705642204642,0.33674553025228376,-0.018776918932796895,0.0
0.20054115319304075,0.32981059638243576,-0.017875377529716654,0.0
0.14500792683515812,0.34924722560769467,-0.02040213932900031,0.0
0.0699202233708216,0.37552792182021244,-0.02381862983662762,0.0
0.6680946863477483,0.1661668597782881,0.0033983082288225434,0.033983082288225434
0.3449460988045594,0.27926886541840423,-0.011304952504392552,0.0
0.5641425672006894,0.2025501014797587,-0.0013315131923686309,0.0
0.3861073791488951,0.26486241729788673,-0.009432114248725278,0.0
0.847082337197612,0.10352118198083582,0.011542246342491342,0.11542246342491341
0.33149188551020886,0.2839778400714269,-0.011917119209285499,0.0
0.2728700016074026,0.3044954994374091,-0.01458441492686319,0.0
0.5096361339543446,0.2216273531159794,-0.0038115559050773233,0.0
0.40106896300094724,0.2596258629496685,-0.008751362183456905,0.0
0.6009176996938975,0.18967880510713586,0.00034175533607233577,0.0034175533607233577
0.6871130315839145,0.15951043894562994,0.004263642937068105,0.04263642937068105
0.2606387303538481,0.30877644437615315,-0.015140937768899913,0.0
0.6256352561627818,0.18102766034302636,0.0014664041554065706,0.014664041554065706
0.5488242207272601,0.20791152274545896,-0.0020284979569096667,0.0
0.4437034062909532,0.2447038077981664,-0.006811495013761635,0.0
0.7334609106219685,0.14328868128231104,0.006372471433299564,0.06372471433299565
0.4130943403494278,0.25541698087770026,-0.008204207514101034,0.0
0.944179908754493,0.06953703193592747,0.015960185848329426,0.15960185848329425
0.23637345485404873,0.31726929080108296,-0.01624500780414079,0.0
0.6532077679179883,0.1713772812287041,0.0027209534402684622,0.027209534402684622
0.6584687166000627,0.16953594918997805,0.0029603266053028487,0.029603266053028487
0.15156977987254153,0.34695057704461046,-0.020103575015799364,0.0
0.4376498685590838,0.2468225460043207,-0.007086930980561689,0.0
0.6206642511005017,0.1827675121148244,0.0012402234250728263,0.012402234250728263
0.2367019613843696,0.31715431351547063,-0.016230060757011184,0.0
0.6245961848771346,0.1813913352930029,0.0014191264119096207,0.014191264119096207
0.4517540672505971,0.24188607646229102,-0.006445189940097833,0.0
0.5393292720014727,0.21123475479948456,-0.002460518123932994,0.0
0.3023564580000206,0.2941752396999928,-0.013242781160999067,0.0
0.2588849121933343,0.309390280732333,-0.01522073649520329,0.0
0.7481099438036425,0.13816151966872514,0.007039002443065729,0.07039002443065728
0.5888795814165703,0.19389214650420042,-0.00020597904554605848,0.0
0.5009263139552728,0.22467579011565453,-0.004207852715035092,0.0
0.7606592628276427,0.13376925801032502,0.0076099964586577445,0.07609996458657745
0.4047683018253989,0.2583310943611104,-0.008583042266944358,0.0
0.6728557059072757,0.1645005029324535,0.003614934618781044,0.03614934618781044
0.8459227922372009,0.10392702271697968,0.011489487046792639,0.11489487046792639
0.8922091109499541,0.08772681116751602,0.013595514548222914,0.13595514548222914
0.6933773592629747,0.15731792425795885,0.0045486698464653474,0.045486698464653474
0.9730872124878989,0.059419475629235385,0.017275468168199398,0.17275468168199398
0.48332149184550355,0.23083747785407377,-0.005008872121029594,0.0
0.6132461727519004,0.18536383953683486,0.0009027008602114674,0.009027008602114674
0.3632243246652879,0.2728714863671492,-0.010473293227729396,0.0
0.30245210516660026,0.29414176319168994,-0.013238429214919693,0.0
0.33421090858087155,0.28302618199669494,-0.011793403659570347,0.0
0.742885710306818,0.1399900013926137,0.006801299818960216,0.06801299818960216
0.2719970978483904,0.3048010157530634,-0.014624132047898242,0.0
0.8172176630298423,0.11397381793955519,0.010183403667857823,0.10183403667857824
0.37987901621772324,0.26704234432379687,-0.009715504762093593,0.0
0.23850903055235712,0.316521839306675,-0.016147839109867754,0.0
0.6814888784322547,0.16147889254871087,0.004007743968667585,0.04007743968667585
0.29262498254564523,0.2975812561090242,-0.013685563294173145,0.0
0.11152376536578618,0.36096668212197486,-0.021925668675856737,0.0
0.17443469695049726,0.33894785606732597,-0.019063221288752378,0.0
0.572976347461573,0.19945827838844946,-0.0009295761904984309,0.0
0.8531880564793114,0.101384180232241,0.011820056569808668,0.11820056569808668
0.5189162502936251,0.2183793123972312,-0.003389310611640061,0.0
0.20921913375349657,0.32677330318627623,-0.017480529414215917,0.0
0.21088855425642017,0.32618900601025297,-0.017404570781332892,0.0
0.10476536157718805,0.3633321234479842,-0.022233176048237952,0.0
0.8498845326739826,0.10254041356410609,0.011669746236666206,0.11669746236666206
0.5718271552496718,0.19986049566261488,-0.0009818644361399356,0.0
0.396707908342875,0.2611522320799937,-0.008949790170399183,0.0
0.47051575725101097,0.23531948496214616,-0.005591533045079006,0.0
0.43132565411727575,0.2490360210589535,-0.007374682737663962,0.0
0.4516177968233893,0.24193377111181374,-0.006451390244535792,0.0
0.3749031976278474,0.2687838808302534,-0.009941904507932944,0.0
0.5363991860138213,0.21226028489516255,-0.0025938370363711334,0.0
0.1604554097979006,0.3438406065707348,-0.019699278854195524,0.0
0.6568209930251194,0.1701126524412082,0.002885355182642931,0.028853551826429312
0.9257082164036554,0.0760021242587206,0.015119723846366319,0.15119723846366317
0.4159341945568488,0.25442303190510296,-0.008074994147663387,0.0
0.5791773846491158,0.19728791537280946,-0.0006474289984652326,0.0
0.6646946593618472,0.16735686922335347,0.0032436070009640473,0.03243607000964047
0.16609196862740297,0.34186781098040897,-0.01944281542745317,0.0
0.20342790670174044,0.32880023265439084,-0.017744030245070815,0.0
0.6509376872611885,0.172171809458584,0.0026176647703840747,0.026176647703840747
0.16964992783145072,0.3406225252589923,-0.019280928283668997,0.0
0.8457892782453931,0.1039737526141124,0.011483412160165385,0.11483412160165385
0.6122481794335071,0.18571313719827254,0.0008572921642245671,0.00857292164224567
0.22503608608295736,0.32123736987096496,-0.016760858083225447,0.0
0.3482174061010317,0.2781239078646389,-0.01115610802240306,0.0
0.23014802374704024,0.31944819168853594,-0.016528264919509674,0.0
0.23527683420983303,0.31765310802655844,-0.016294904043452598,0.0
0.5889711545412271,0.19386009591057052,-0.0002018124683741719,0.0
0.38032003808230325,0.26688798667119384,-0.009695438267255201,0.0
0.1548289513855771,0.345809867015048,-0.019955282711956245,0.0
0.6017203387567832,0.18939788143512587,0.0003782754134336354,0.003782754134336354
0.09713951203615508,0.36600117078734573,-0.022580152202354948,0.0
0.28742823356345826,0.2994001182527896,-0.013922015372862657,0.0
0.1623378676652919,0.3431817463171479,-0.019613627021229225,0.0
0.5683851068239151,0.20106521261162974,-0.0011384776395118694,0.0
0.7431634399674671,0.1398927960113865,0.0068139365185197545,0.06813936518519755
0.33561598035406637,0.2825344068760768,-0.011729472893889984,0.0
0.4463351282031602,0.24378270512889394,-0.006691751666756212,0.0
0.7507429252524664,0.13723997616163675,0.0071588030989872195,0.0715880309898722
0.3806706192030804,0.2667652832789219,-0.00967948682625985,0.0
0.6974403449989977,0.1558958792503508,0.004733535697454393,0.047335356974543934
0.7991664803445185,0.1202917318794185,0.009362074855675594,0.09362074855675595
0.8606660605656672,0.09876687880201646,0.012160305755737857,0.12160305755737857
0.5039278238537742,0.22362526165117902,-0.0040712840146532765,0.0
0.6205412130409328,0.18281057543567353,0.0012346251933624368,0.012346251933624368
0.6029178243380521,0.18897876148168177,0.0004327610073813666,0.004327610073813666
0.4863944756337828,0.22976193352817603,-0.004869051358662887,0.0
0.4414985314723498,0.24547551398467757,-0.0069118168180080895,0.0
0.342158262090055,0.28024460826848074,-0.011431799074902497,0.0
0.6688550256765606,0.1659007410132038,0.003432903668283506,0.03432903668283506
0.37893400194090365,0.26737309932068376,-0.00975850291168889,0.0
0.021945636994157247,0.39231902705204497,-0.026001473516765846,0.0
0.08719029929457552,0.3694833952468986,-0.02303284138209682,0.0
0.6511932761843405,0.1720823533354808,0.0026292940663874935,0.026292940663874935
0.3001333894071843,0.2949533137074855,-0.013343930781973119,0.0
0.4641478124916115,0.23754826562793596,-0.0058812745316316785,0.0
0.6755216825924406,0.16356741109264578,0.0037362365579560464,0.037362365579560464
0.2522429801842571,0.31171495693551,-0.015522944401616303,0.0
0.33213063110765245,0.28375427911232165,-0.011888056284601819,0.0
0.8879915861566299,0.08920294484517954,0.013403617170126657,0.13403617170126658
0.9190345222556099,0.07833791721053651,0.014816070762630251,0.1481607076263025
0.38927968876275687,0.26375210893303513,-0.00928777416129457,0.0
0.5878068259354812,0.1942676109225816,-0.0002547894199356124,0.0
0.364099370923541,0.27256522017676066,-0.01043347862297889,0.0
0.34033135277558596,0.28088402652854494,-0.011514923448710846,0.0
0.7030913197940191,0.15391803807209334,0.004990655050627863,0.04990655050627863
0.5182238415871203,0.2186216554445079,-0.0034208152077860286,0.0
0.5571780882709746,0.2049876691051589,-0.0016483969836706587,0.0
0.23355439743724823,0.3182559608969631,-0.016373274916605212,0.0
0.6404447656160787,0.17584433203437247,0.0021402368355315747,0.021402368355315747
0.8360102336091333,0.10739641823680335,0.011038465629215562,0.11038465629215563
0.580286951334342,0.19689956703298028,-0.0005969437142874408,0.0
0.6352407157275332,0.1776657494953634,0.0019034525656027555,0.019034525656027555
0.24441437818191086,0.3144549676363312,-0.015879145792723055,0.0
0.29717091840425236,0.2959901785585117,-0.013478723212606524,0.0
0.44169038581957776,0.2454083649631478,-0.0069030874452092154,0.0
0.46726092092195176,0.2364586776773169,-0.005739628098051199,0.0
0.15518653895491566,0.34568471136577955,-0.019939012477551348,0.0
0.8673234382240064,0.09643679662159776,0.012463216439192288,0.12463216439192287
0.5868937156955049,0.1945871995065733,-0.000296335935854531,0.0
0.48869820456242263,0.2289556284031521,-0.004764231692409776,0.0
0.0747946852435294,0.3738218601647647,-0.023596841821419415,0.0
0.40546965088826614,0.25808562218910686,-0.008551130884583893,0.0
0.44994856782213616,0.24251800126225234,-0.006527340164092805,0.0
0.25454156310083026,0.3109104529147094,-0.015418358878912231,0.0
0.6321586373633489,0.17874447692282788,0.0017632180000323738,0.01763218000032374
0.23869842423848633,0.3164555515165298,-0.01613922169714888,0.0
0.1879926525042614,0.3342025716235085,-0.01844633431105611,0.0
0.8212249188302815,0.11257127840940145,0.010365733806777808,0.10365733806777808
0.2826729689322025,0.3010644608737291,-0.014138379913584787,0.0
0.3210771418001783,0.2876230003699376,-0.012390990048091893,0.0
0.5434716701478294,0.20978491544825972,-0.002272039008273767,0.0
0.4221087715875818,0.2522619299443464,-0.007794050892765029,0.0
0.6555121825312649,0.1705707361140573,0.002825804305172548,0.02825804305172548
0.7397445581871992,0.14108940463448028,0.006658377397517561,0.0665837739751756
0.5420116481300665,0.21029592315447673,-0.002338470010081979,0.0
0.0876614788892319,0.36931848238876885,-0.023011402710539957,0.0
0.2748887815363073,0.30378892646229244,-0.014492560440098019,0.0
0.4117214152804584,0.2558975046518396,-0.008266675604739145,0.0
0.6970781868999665,0.15602263458501173,0.004717057503948473,0.047170575039484734
0.7114711408347768,0.1509851007078281,0.005371936907982343,0.05371936907982343
0.7604703251620781,0.13383538619327268,0.00760139979487455,0.0760139979487455
0.23147271190899096,0.3189845508318532,-0.016467991608140917,0.0
0.7468222110214243,0.13861222614250146,0.006980410601474807,0.06980410601474807
0.8376600028939442,0.10681899898711955,0.011113530131674456,0.11113530131674457
0.39693442501112514,0.2610729512461062,-0.008939483661993809,0.0
0.40599882681838667,0.25790041061356467,-0.008527053379763411,0.0
0.43913021480645464,0.24630442481774087,-0.0070195752263063176,0.0
0.7326210598781993,0.14358262904263025,0.006334258224458066,0.06334258224458066
0.33326525229018605,0.2833571616984349,-0.011836431020796536,0.0
0.2949028074424477,0.2967840173951433,-0.013581922261368635,0.0
0.5307842616145855,0.2142255084348951,-0.0028493160965363667,0.0
0.8244115967868791,0.11145594112459228,0.010510727653803,0.10510727653803001
0.8189482043699896,0.11336812847050365,0.010262143298834523,0.10262143298834522
0.45408493112927956,0.24107027410475215,-0.0063391356336177825,0.0
0.30517808261834356,0.2931876710835798,-0.01311439724086538,0.0
0.5330312461822728,0.2134390638362045,-0.0027470782987065873,0.0
0.5934379269201747,0.19229672557793884,1.4256748679490616e-06,1.4256748679490616e-05
0.7185924155947075,0.14849265454185234,0.0056959549095591915,0.056959549095591915
0.40876107570900344,0.2569336235018488,-0.008401371055240348,0.0
0.4994190877141566,0.2252033193000452,-0.00427643150900588,0.0
0.42760332370567655,0.2503388367030132,-0.0075440487713917224,0.0
0.7438923413165017,0.13963768053922437,0.006847101529900829,0.06847101529900829
0.6235777445198434,0.1817477894180548,0.0013727873756528737,0.013727873756528737
0.611867265969105,0.18584645691081325,0.0008399606015942751,0.008399606015942751
0.4333018136303364,0.24834436522938227,-0.007284767479819699,0.0
0.3167761586844274,0.28912834446045044,-0.012586684779858557,0.0
0.11349237960132424,0.3602776671395365,-0.021836096728139753,0.0
0.5959861509671205,0.19140484716150782,0.000117369869003979,0.00117369869003979
0.1661696355371875,0.3418406275619844,-0.019439281583057976,0.0
0.7009089691819874,0.15468186078630441,0.0048913580977804245,0.048913580977804245
0.26899615165657476,0.30585134692019883,-0.014760675099625854,0.0
0.19165819515133514,0.3329196316970327,-0.018279552120614256,0.0
0.8317635303232163,0.10888276438687433,0.010845240629706335,0.10845240629706335
0.7230679901059893,0.14692620346290375,0.0058995935498225086,0.058995935498225086
0.21543403943691672,0.3245980861970792,-0.0171977512056203,0.0
0.9185071860359869,0.0785224848874046,0.0147920769646374,0.14792076964637402
0.6706377580333015,0.16527678468834447,0.003514017990515216,0.03514017990515216
0.34926984867359584,0.2777555529642415,-0.011108221885351394,0.0
0.6496527486625202,0.17262153796811794,0.0025592000641446663,0.025592000641446663
0.18428614475158972,0.3354998493369436,-0.018614980413802672,0.0
0.5216818803012587,0.21741134189455946,-0.0032634744462927343,0.0
0.5361695522693092,0.2123406567057418,-0.002604285371746437,0.0
0.5477337257210142,0.20829319599764504,-0.0020781154796938595,0.0
0.2049325103365064,0.32827362138222277,-0.017675570779688964,0.0
0.6453818350185041,0.17411635774352358,0.0023648734933419333,0.023648734933419333
0.24985690494352147,0.3125500832697675,-0.01563151082506978,0.0
0.2350302816896195,0.3177394014086332,-0.01630612218312232,0.0
0.8030695579691627,0.11892565471079308,0.009539664887596897,0.09539664887596896
0.7512842709070016,0.13705050518254946,0.007183434326268567,0.07183434326268567
0.47454201700754267,0.23391029404736008,-0.005408338226156814,0.0
0.34901108930150393,0.2778461187444736,-0.011119995436781573,0.0
0.2373970394593132,0.3169110361892404,-0.016198434704601253,0.0
0.3911841045158665,0.2630855634194468,-0.009201123244528087,0.0
0.4118902397016409,0.2558384161044257,-0.008258994093575344,0.0
0.4830635575974947,0.23092775484087685,-0.005020608129313993,0.0
0.896984090297648,0.08605556839582318,0.013812776108542984,0.13812776108542985
0.30495098064664733,0.29326715677367343,-0.013124730380577546,0.0
0.6423505981979403,0.1751772906307209,0.0022269522180062805,0.022269522180062805
0.37050519136937515,0.27032318302071867,-0.010142013792693434,0.0
0.4912135398728007,0.22807526104451975,-0.00464978393578757,0.0
0.09327593613129838,0.36735342235404556,-0.022755944906025925,0.0
0.5205938777955278,0.21779214277156528,-0.0033129785603034888,0.0
0.8790525891830987,0.09233159378591543,0.01299689280783099,0.1299689280783099
0.5008691167034417,0.22469580915379542,-0.004210455189993408,0.0
0.5734326395263568,0.19929857616577512,-0.0009088149015507689,0.0
0.0603899800278559,0.37886350699025045,-0.024252255908732565,0.0
0.5590096715217557,0.2043466149673855,-0.0015650599457601166,0.0
0.3234148050019057,0.286804818249333,-0.012284626372413298,0.0
0.6041800954873607,0.18853696657942373,0.000490194344674913,0.00490194344674913
0.15501693435022734,0.34574407297742044,-0.01994672948706466,0.0
0.4400194696990531,0.24599318560533143,-0.006979114128693089,0.0
0.42522923867105206,0.2511697664651318,-0.007652069640467132,0.0
0.32801517451695644,0.28519468891906524,-0.012075309559478487,0.0
0.3838510659052692,0.26565212693315576,-0.009534776501310255,0.0
0.8206573106359568,0.11276994127741513,0.010339907633936031,0.10339907633936031
0.540170312832525,0.21094039050861624,-0.0024222507661201126,0.0
0.6236354662563571,0.181727586810275,0.0013754137146642469,0.013754137146642469
0.8544640303180154,0.10093758938869457,0.011878113379469703,0.11878113379469703
0.906710190706557,0.08265143325270502,0.014255313677148345,0.14255313677148346
0.5070318019991814,0.22253886930028652,-0.0039300530090372494,0.0
0.4031853746922114,0.258885118857726,-0.00865506545150439,0.0
0.7364389801509402,0.14224635694717092,0.006507973596867778,0.06507973596867778
0.24254993727011906,0.3151075219554583,-0.015963977854209586,0.0
0.3814981736053406,0.2664756392381308,-0.009641833100957006,0.0
0.3574604263005422,0.27488885079481024,-0.010735550603325334,0.0
0.48745393246852187,0.22939112363601735,-0.00482084607268226,0.0
0.7482337326736009,0.13811819356423966,0.0070446348366488415,0.07044634836648841
0.8488441523286595,0.10290454668496918,0.011622408930954004,0.11622408930954004
0.7599324682379304,0.13402363611672435,0.007576927304825832,0.07576927304825831
0.42134784209063325,0.2525282552682784,-0.007828673184876195,0.0
0.8303762973902666,0.10936829591340669,0.010782121531257127,0.10782121531257127
0.5602450756924866,0.2039142235076297,-0.0015088490559918635,0.0
0.1710334140780497,0.3401383050726826,-0.019217979659448745,0.0
0.08796961671002901,0.36921063415148986,-0.022997382439693684,0.0
0.6684096944868629,0.16605660692959798,0.0034126410991522603,0.0341264109915226
0.6470184276247148,0.1735435503313498,0.0024393384569245218,0.024393384569245218
0.8432270968240985,0.1048705161115655,0.011366832905496482,0.11366832905496482
0.6564748066395706,0.17023381767615028,0.0028696037021004595,0.028696037021004595
0.7188501668845749,0.14840244159039878,0.005707682593248154,0.05707682593248154
0.5245235784422138,0.2164167475452252,-0.0031341771808792787,0.0
0.19682895850781174,0.33110986452226593,-0.018044282387894576,0.0
0.18917257492971967,0.33378959877459813,-0.018392647840697763,0.0
0.6902678708675382,0.15840624519636165,0.004407188124472983,0.044071881244729834
0.2888366560762786,0.2989071703733025,-0.013857932148529328,0.0
0.6129347573515459,0.18547283492695893,0.0008885314594953356,0.008885314594953356
0.5849513385047591,0.1952670315233343,-0.0003847140980334611,0.0
0.9391844693617168,0.07128543572339907,0.01573289335595812,0.1573289335595812
0.5297092625459398,0.2146017581089211,-0.002898228554159745,0.0
0.7540290109881019,0.1360898461541643,0.007308319999958637,0.07308319999958637
0.9816036387792518,0.05643872642726183,0.01766296556445596,0.1766296556445596
0.504003108622167,0.22359891198224155,-0.004067858557691404,0.0
0.2712272346243256,0.30507046788148606,-0.014659160824593193,0.0
0.4783257509864077,0.2325859871547573,-0.0052361783301184545,0.0
0.9057037471964062,0.08300368848125783,0.014209520497436479,0.14209520497436479
0.6619860107463378,0.16830489623878178,0.0031203634889583644,0.031203634889583644
0.641109761705987,0.17561158340290456,0.0021704941576224032,0.021704941576224032
0.6141008426224359,0.18506470508214742,0.000941588339320832,0.00941588339320832
0.6961134205323847,0.15636030281366536,0.004673160634223499,0.04673160634223499
0.31645623337110956,0.28924031832011166,-0.01260124138161452,0.0
0.18638357236108533,0.33476574967362016,-0.01851954745757062,0.0
0.47326079459500026,0.23435872189174992,-0.005466633845927493,0.0
0.59142338063865,0.19300181677647252,-9.023618094142899e-05,0.0
0.5900415370196892,0.1934854620431088,-0.00015311006560414508,0.0
0.9288953835758081,0.07488661574846717,0.015264739952699266,0.15264739952699266
0.7352359044389203,0.1426674334463779,0.006453233651970872,0.06453233651970872
0.42651238803576913,0.25072066418748085,-0.007593686344372515,0.0
0.2969397934844534,0.2960710722804413,-0.013489239396457377,0.0
0.3704777346873666,0.2703327928594217,-0.010143263071724824,0.0
0.061565454928673144,0.37845209077496444,-0.024198771800745384,0.0
0.114116032366237,0.3600593886718171,-0.021807720527336222,0.0
0.20552627490998387,0.3280658037815056,-0.017648554491595737,0.0
0.5315212491484111,0.2139675627980561,-0.0028157831637472958,0.0
0.8655131343659349,0.09707040297192276,0.012380847613650037,0.12380847613650037
0.8143175208301715,0.11498886770943995,0.010051447197772805,0.10051447197772805
0.29883403474015574,0.2954080878409455,-0.01340305141932292,0.0
0.6733106685180044,0.16434126601869847,0.003635635417569196,0.03635635417569196
0.2004082724477742,0.32985710464327905,-0.017881423603626278,0.0
0.2936962792224171,0.29720630227215405,-0.013636819295380031,0.0
0.5265870247785202,0.21569454132751795,-0.0030402903725773346,0.0
0.4334684281335965,0.24828605015324123,-0.007277186519921364,0.0
0.15230310549636822,0.3466939130762711,-0.020070208699915246,0.0
0.17950950311318808,0.33717167391038416,-0.018832317608349945,0.0
0.3189292703415356,0.28837475538046253,-0.012488718199460135,0.0
0.32334401487685155,0.286829594793102,-0.01228784732310326,0.0
0.45589487542888446,0.24043679359989045,-0.006256783167985763,0.0
0.24321011756077365,0.3148764588537292,-0.015933939650984805,0.0
0.7196352381571754,0.1481276666449886,0.005743403336151479,0.05743403336151479
0.5833618405233907,0.19582335581681326,-0.00045703625618572635,0.0
0.5108435396349772,0.221204761127758,-0.0037566189466085413,0.0
0.16059456283092094,0.34379190300917767,-0.019692947391193098,0.0
0.3016931640126926,0.2944073925955576,-0.013272961037422492,0.0
0.5141527415665216,0.22004654045171745,-0.0036060502587232715,0.0
0.23599827878179536,0.31740060242637164,-0.016262078315428318,0.0
0.4661273367848505,0.23685543212530233,-0.005791206176289306,0.0
0.38500077432170954,0.2652497289874017,-0.00948246476836222,0.0
0.3790383884491509,0.2673365640427972,-0.009753753325563639,0.0
0.7775326912693078,0.1278635580557423,0.008377737452753501,0.083777374527535
0.4572743960045697,0.2399539613984006,-0.006194014981792083,0.0
0.5125129097681215,0.2206204815811575,-0.0036806626055504756,0.0
0.40871346405725845,0.2569502875799595,-0.008403537385394743,0.0
0.4651225217482498,0.23720711738811256,-0.005836925260454637,0.0
0.8019438139310778,0.11931966512412273,0.009488443533864042,0.09488443533864042
0.7517999199632771,0.13687002801285303,0.007206896358329103,0.07206896358329104
0.929232331628002,0.07476868393019931,0.015280071089074088,0.15280071089074088
0.1477307892528032,0.3482942237615189,-0.020278249088997464,0.0
0.21933236098315445,0.32323367365589595,-0.01702037757526648,0.0
0.37120116821979615,0.27007959112307134,-0.01011034684599928,0.0
0.5709950889242,0.20015171887653,-0.001019723453948903,0.0
0.8846424282600225,0.09037515010899211,0.013251230485831024,0.13251230485831023
0.37361027882828013,0.26923640241010194,-0.010000732313313252,0.0
0.375278615840492,0.2686524844558278,-0.009924822979257616,0.0
0.13987115308588344,0.3510450964199408,-0.02063586253459231,0.0
0.38521101499014454,0.2651761447534494,-0.009472898817948428,0.0
0.6573491075988319,0.16992781234040882,0.0029093843957468495,0.029093843957468495
0.859510461927062,0.09917133832552827,0.012107726017681323,0.12107726017681322
0.47300267293692116,0.2344490644720776,-0.005478378381370094,0.0
0.31527144390828094,0.2896549946321017,-0.012655149302173225,0.0
0.6753632064750493,0.16362287773373274,0.0037290258946147403,0.0372902589461474
0.558306753927442,0.2045926361253953,-0.0015970426963013915,0.0
0.46840474166280627,0.23605834041801782,-0.0056875842543423205,0.0
0.5595445968381727,0.20415939110663955,-0.001540720843863145,0.0
0.33980216184784573,0.281069243353254,-0.011539001635923026,0.0
0.21855235302463416,0.32350667644137804,-0.017055867937379145,0.0
0.7907289814807582,0.12324485648173461,0.008978168657374497,0.08978168657374497
0.09673181674013605,0.3661438641409524,-0.022598702338323815,0.0
0.7565497652289567,0.13520758216986517,0.007423014317917524,0.07423014317917524
0.3649343502204581,0.2722729774228397,-0.01039548706496916,0.0
0.6526703777652156,0.17156536778217452,0.0026965021883173096,0.026965021883173096
0.3497651759133217,0.27758218843033744,-0.011085684495943871,0.0
0.4109499421318406,0.2561675202538558,-0.008301777633001255,0.0
0.4976889180681493,0.22580887867614774,-0.00435515422789921,0.0
0.7406286539829802,0.1407799711059569,0.006698603756225597,0.06698603756225596
0.07715864762539942,0.37299447333111024,-0.023489281533044335,0.0
0.253622892801047,0.31123198751963355,-0.015460158377552363,0.0
0.3445096648722799,0.27942161729470205,-0.011324810248311269,0.0
0.22250128922543883,0.3221245487710964,-0.016876191340242538,0.0
0.33683576924524256,0.28210748076416514,-0.011673972499341472,0.0
0.4836450529527855,0.2307242314665251,-0.004994150090648266,0.0
0.9021045467459314,0.08426340863892401,0.014045756876939876,0.14045756876939877
0.11330277297616377,0.3603440294583427,-0.021844723829584554,0.0
0.7444793393426562,0.1394322312300703,0.006873809940090857,0.06873809940090858
0.49693792507812173,0.2260717262226574,-0.004389324408945464,0.0
0.4307897838825629,0.249223575641103,-0.007399064833343395,0.0
0.6383366004898973,0.17658218982853596,0.002044315322290321,0.02044315322290321
0.8127689432115206,0.11553086987596778,0.009980986916124186,0.09980986916124186
0.8859810984536465,0.0899066155412237,0.013312139979640916,0.13312139979640916
0.8413006577293046,0.10554476979474336,0.01127917992668336,0.11279179926683361
0.7392755080795269,0.14125357217216555,0.006637035617618477,0.06637035617618477
0.0299986774044593,0.38950046290843926,-0.025635060178097104,0.0
0.3811999352136402,0.26658002267522596,-0.00965540294777938,0.0
0.23387582648014482,0.3181434607319493,-0.016358649895153416,0.0
0.6156632347612179,0.18451786783357374,0.0010126771816354116,0.010126771816354116
0.596095931859299,0.19136642384924535,0.00012236489959810068,0.0012236489959810068
0.5441286054767954,0.20955498808312162,-0.002242148450805812,0.0
0.5442744827759033,0.20950393102843384,-0.0022355110336964024,0.0
0.3416576365831415,0.2804198271959005,-0.011454577535467064,0.0
0.8418679322345379,0.10534622371791169,0.011304990916671477,0.11304990916671477
0.5010567828018498,0.22463012601935256,-0.004201916382515835,0.0
0.5632245112649927,0.20287142105725256,-0.0013732847374428349,0.0
0.6842288374844478,0.16051990688044326,0.004132412105542372,0.04132412105542372
0.44096072912363904,0.24566374480672634,-0.006936286824874429,0.0
0.6772817035410345,0.16295140376063794,0.003816317511117065,0.03816317511117065
0.7243533803403207,0.14647631688088775,0.005958078805484591,0.05958078805484591
0.4212601861013071,0.2525589348645425,-0.007832661532390529,0.0
0.5652206630533445,0.20217276793132943,-0.0012824598310728283,0.0
0.4956804419782844,0.22651184530760046,-0.004446539889988062,0.0
0.7160106374150601,0.14939627690472895,0.0055784840023852325,0.055784840023852325
0.5703538460998725,0.20037615386504462,-0.0010489000024558048,0.0
0.6785888612903603,0.16249389854837387,0.0038757931887113926,0.038757931887113926
0.23443897816833628,0.3179463576410823,-0.016333026493340706,0.0
0.2447769702775155,0.3143280604028696,-0.01586264785237305,0.0
0.5238572060235726,0.2166499778917496,-0.0031644971259274512,0.0
0.3372912693493517,0.2819480557277269,-0.011653247244604498,0.0
0.5850839665375348,0.1952206117118628,-0.0003786795225421691,0.0
0.5962350072516014,0.19131774746193952,0.00012869282994786013,0.0012869282994786013
0.1266028835187956,0.35568899076842153,-0.0212395687998948,0.0
0.4984665742465254,0.22553669901371612,-0.004319770871783098,0.0
0.06602031932276684,0.37689288823703165,-0.02399607547081412,0.0
0.8991180188125245,0.08530869341561642,0.013909869855969863,0.13909869855969864
0.8255555626739991,0.11105555306410031,0.010562778101666958,0.10562778101666959
0.3935750996921038,0.2622487151077637,-0.009092332964009287,0.0
0.8634981649367842,0.09777564227212554,0.012289166504623677,0.12289166504623678
0.1709921370048263,0.3401527520483108,-0.01921985776628041,0.0
0.21801666796170158,0.32369416621340447,-0.017080241607742585,0.0
0.4573953134998754,0.2399116402750436,-0.006188513235755672,0.0
0.6341920608172162,0.17803277871397433,0.0018557387671833334,0.018557387671833334
0.5048871646678966,0.2232894923662362,-0.004027634007610706,0.0
0.7259946020085661,0.14590188929700187,0.006032754391389755,0.06032754391389755
0.2511217412730595,0.3121073905544292,-0.0155739607720758,0.0
0.22618608635151435,0.32083486977697,-0.016708533071006105,0.0
0.623470724523915,0.18178524641662974,0.0013679179658381314,0.013679179658381314
0.26743434839634883,0.30639797806127794,-0.014831737147966133,0.0
0.32319843849308066,0.2868805465274218,-0.012294471048564837,0.0
0.4208707151146694,0.25269524970986573,-0.007850382462282545,0.0
0.5554012134685661,0.20560957528600188,-0.001729244787180246,0.0
0.11233919248385665,0.3606812826306502,-0.02188856674198453,0.0
0.7480859995285948,0.1381699001649918,0.007037912978551063,0.07037912978551064
0.5755668327235782,0.19855160854674764,-0.0008117091110771968,0.0
0.06770885328755608,0.37630190134935537,-0.023919247175416204,0.0
0.07146787025692483,0.3749862454100763,-0.02374821190330992,0.0
0.16220579254640372,0.3432279726087587,-0.019619636439138635,0.0
0.7112523183474474,0.15106168857839342,0.005361980484808852,0.053619804848088516
0.500368405173152,0.22487105818939682,-0.00423323756462159,0.0
0.43317306884268303,0.24838942590506094,-0.007290625367657923,0.0
0.07323853699347833,0.3743665120522826,-0.023667646566796745,0.0
0.439601050288729,0.24613963239894487,-0.006998152211862837,0.0
0.2000844051852041,0.32997045818517856,-0.017896159564073217,0.0
0.5232151409157824,0.21687470067947617,-0.003193711088331906,0.0
0.38461571511724446,0.26538449970896444,-0.009499984962165382,0.0
0.5178684928994608,0.21874602748518873,-0.003436983573074537,0.0
0.8722240532413534,0.09472158136552628,0.012686194422481582,0.12686194422481584
0.5601571566651178,0.2039449951672088,-0.0015128493717371447,0.0
0.08030566828608798,0.37189301609986924,-0.023346092092983006,0.0
0.7589647422043656,0.13436234022847204,0.007532895770298632,0.07532895770298631
0.5472943510485335,0.20844697713301327,-0.0020981070272917297,0.0
0.19948282206713605,0.33018101227650243,-0.017923531595945317,0.0
0.5537294511029361,0.20619469211397234,-0.0018053099748164061,0.0
0.46835054812998433,0.23607730815450548,-0.005690050060085716,0.0
0.17633084905730062,0.3382842028299448,-0.018976946367892832,0.0
0.615021980841504,0.18474230670547362,0.0009835001282884268,0.009835001282884268
0.44190105687697256,0.2453346300930596,-0.006893501912097751,0.0
0.6808544760584169,0.1617009333795541,0.003978878660657964,0.03978878660657964
0.1924943251068017,0.33262698621261944,-0.01824150820764053,0.0
0.2836747564388375,0.3007138352464069,-0.014092798582032901,0.0
0.3083532140597921,0.2920763750790728,-0.012969928760279466,0.0
0.18203831505377666,0.3362865897311782,-0.01871725666505317,0.0
0.7043125679943658,0.15349060120197197,0.005046221843743641,0.05046221843743641
0.7957468261895543,0.12148861083365597,0.009206480591624721,0.09206480591624722
0.24639260297173268,0.31376258895989356,-0.015789136564786168,0.0
0.40686752011956834,0.2575963679581511,-0.008487527834559649,0.0
0.1867197429706256,0.33464808996028106,-0.01850425169483654,0.0
0.773444271692088,0.12929450490776923,0.00819171436199,0.08191714361989999
0.545106015287344,0.2092128946494296,-0.0021976763044258517,0.0
0.7694002823913138,0.1307099011630402,0.00800771284880477,0.0800771284880477
0.8119708825933843,0.1158101910923155,0.009944675157998984,0.09944675157998983
0.20508397141990373,0.3282206100030337,-0.017668679300394386,0.0
0.4557178818586819,0.24049874134946134,-0.006264836375429978,0.0
0.7388221021179012,0.14141226425873454,0.006616405646364506,0.06616405646364507
0.5305011002647845,0.21432461490732543,-0.002862199937952309,0.0
0.6960822437257512,0.15637121469598708,0.004671742089521678,0.04671742089521678
0.7889160117829045,0.1238793958759834,0.008895678536122154,0.08895678536122154
0.7038897591676403,0.1536385842913259,0.0050269840421276295,0.050269840421276295
0.7314087571906409,0.14400693498327566,0.006279098452174163,0.06279098452174163
0.38492966502530623,0.2652746172411428,-0.00948570024134857,0.0
0.7832322848684706,0.12586870029603525,0.008637068961515414,0.08637068961515414
0.4395988172865815,0.2461404139496965,-0.006998253813460548,0.0
0.39324639672474093,0.2623637611463407,-0.009107288949024291,0.0
0.7591622930003477,0.13429319744987833,0.0075418843315158135,0.07541884331515813
0.5437632031232658,0.209682878906857,-0.002258774257891411,0.0
0.6349994595928619,0.17775018914249835,0.0018924754114752126,0.018924754114752126
0.6067629076563839,0.18763298232026565,0.0006077122983654641,0.006077122983654641
0.6007189797538861,0.18974835708613985,0.00033271357880181734,0.0033271357880181734
0.6594715186284332,0.16918496848004838,0.003005954097593709,0.03005954097593709
0.21574819418657165,0.32448813203469995,-0.017183457164510998,0.0
0.5523467430642578,0.2066786399275098,-0.0018682231905762757,0.0
0.32510494082722313,0.2862132707104719,-0.012207725192361355,0.0
0.7599858855100083,0.1340049400714971,0.0075793577907053745,0.07579357790705374
0.21209001225864044,0.32576849570947586,-0.017349904442231865,0.0
0.37733767742533453,0.26793181290113294,-0.009831135677147284,0.0
0.7692391416300599,0.130766300429479,0.008000380944167725,0.08000380944167725
0.05581599647992076,0.38046440123202774,-0.02446037216016361,0.0
0.5978836997126047,0.19074070510058835,0.00020370833692351029,0.002037083369235103
0.2449553328736207,0.31426563349423275,-0.015854532354250262,0.0
0.7307686827978969,0.14423096102073607,0.006249975067304309,0.06249975067304309
0.4489968469045576,0.24285110358340484,-0.006570643465842633,0.0
0.4090098468812228,0.25684655359157205,-0.008390051966904368,0.0
0.4924659596201903,0.2276369141329334,-0.004592798837281347,0.0
0.26785405797081674,0.30625107971021415,-0.01481264036232784,0.0
0.5346394802453074,0.21287618191414243,-0.0026739036488385194,0.0
0.5082237777076273,0.22212167780233047,-0.0038758181143029626,0.0
0.8530353454755241,0.10143762908356657,0.011813108219136344,0.11813108219136344
0.5448262114012338,0.20931082600956818,-0.0022104073812438674,0.0
0.5328708148534351,0.2134952148012977,-0.0027543779241687057,0.0
0.31265671123404,0.29057015106808604,-0.012774119638851191,0.0
0.364789065436933,0.2723238270970735,-0.010402097522619554,0.0
0.19179517524667603,0.3328716886636634,-0.018273319526276244,0.0
0.4440608245540514,0.24457871140608203,-0.00679523248279067,0.0
0.4834003530352925,0.23080987643764764,-0.005005283936894197,0.0
0.3648037904364283,0.27231867334725013,-0.010401427535142522,0.0
0.36815034934155894,0.2711473777304544,-0.010249159104959073,0.0
0.3901530649727717,0.26344642725952994,-0.009248035543738892,0.0
0.8132125324028832,0.1153756136589909,0.01000117022433118,0.10001170224331181
0.7456417816350084,0.13902537642774704,0.006926701064392884,0.06926701064392884
0.7251346150436879,0.14620288473470922,0.0059936249844878,0.059936249844878
0.32677393060176896,0.28562912428938086,-0.012131786157619517,0.0
0.26968371914275635,0.3056106983000353,-0.014729390779004588,0.0
0.5374359683010597,0.21189741109462912,-0.00254666344230179,0.0
0.21159913149007667,0.3259403039784732,-0.01737223951720152,0.0
0.09578187848427848,0.36647634253050254,-0.022641924528965334,0.0
0.7451923432474444,0.13918267986339444,0.006906251617758721,0.06906251617758721
0.5692813385159068,0.20075153151943262,-0.0010976990975262446,0.0
0.03928542123113015,0.38625010256910447,-0.025212513333983586,0.0
0.6518919023248883,0.17183783418628912,0.0026610815557824123,0.026610815557824123
0.510090633148717,0.22146827839794903,-0.0037908761917333778,0.0
0.3981298925117156,0.2606545376208995,-0.00888508989071694,0.0
0.7413458489947752,0.1405289528518287,0.006731236129262266,0.06731236129262266
0.18300735800554271,0.33594742469806005,-0.01867316521074781,0.0
0.48031088735407623,0.2318911894260733,-0.005145854625389534,0.0
0.6598113532960178,0.16906602634639376,0.0030214165749688077,0.030214165749688077
0.6845496928671608,0.16040760749649371,0.004147011025455814,0.041470110254558136
0.36852689941578826,0.2710155852044741,-0.010232026076581639,0.0
0.7411455550713445,0.1405990557250294,0.0067221227557461745,0.06722122755746174
0.28565597171003976,0.3000204099014861,-0.014002653287193193,0.0
0.4331650500471026,0.2483922324835141,-0.007290990222856838,0.0
0.3806854916605181,0.26676007791881867,-0.009678810129446432,0.0
0.5066570943139782,0.22267001699010763,-0.003947102208713995,0.0
0.57558938732914,0.198543714434801,-0.0008106828765241346,0.0
0.7218521283410055,0.14735175508064807,0.005844271839515747,0.05844271839515747
0.11592748091638234,0.3594253816792662,-0.02172529961830461,0.0
0.40299777704220285,0.25895077803522903,-0.008663601144579775,0.0
0.5952482021421709,0.19166312925024018,8.379319746877265e-05,0.0008379319746877265
0.2802175954880812,0.3019238415791716,-0.014250099405292312,0.0
0.26517279445164604,0.3071895219419239,-0.014934637852450108,0.0
0.11822691818171414,0.35862057863640007,-0.021620675222732016,0.0
0.3444916253416971,0.27942793113040604,-0.011325631046952788,0.0
0.46767638135010864,0.23631326652746198,-0.005720724648570062,0.0
0.907442878656688,0.08239499247015919,0.014288650978879302,0.14288650978879303
0.2929635468734978,0.2974627585942758,-0.013670158617255856,0.0
0.39927221981930566,0.26025472306324304,-0.008833113998221596,0.0
0.6815346222915724,0.1614628821979497,0.004009825314266538,0.04009825314266538
0.3269559504659749,0.28556541733690877,-0.012123504253798146,0.0
0.7052225954902023,0.1531720915784292,0.0050876280948041995,0.050876280948041995
0.4469119196530678,0.24358082812142628,-0.0066655076557854236,0.0
0.3631414897967704,0.27290047857113037,-0.010477062214246952,0.0
0.6993113951752994,0.1552410116886452,0.004818668480476119,0.04818668480476119
0.4585355413185334,0.2395125605385133,-0.006136632870006733,0.0
0.2840201792602224,0.30059293725892217,-0.014077081843659887,0.0
0.8578068970691818,0.09976758602578639,0.012030213816647766,0.12030213816647767
0.27392158968929115,0.3041274436087481,-0.014536567669137256,0.0
0.5189859005378812,0.2183549348117416,-0.0033861415255264093,0.0
0.14198675380711764,0.35030463616750884,-0.02053960270177615,0.0
0.326558954199078,0.28570436603032273,-0.01214156758394196,0.0
0.33590446640868393,0.28243343675696064,-0.011716346778404888,0.0
0.22558117501485242,0.3210465887448017,-0.01673605653682422,0.0
0.4094300595686815,0.2566994791509615,-0.008370932289624992,0.0
0.3563729588739349,0.2752694643941228,-0.01078503037123597,0.0
0.8384507063886161,0.10654225276398438,0.011149507140682028,0.11149507140682027
0.9130961381206862,0.08041635165775979,0.014545874284491224,0.14545874284491225
0.8403512754822416,0.10587705358121541,0.011235983034441994,0.11235983034441994
0.8714119379734212,0.09500582170930255,0.012649243177790665,0.12649243177790664
0.062179497285000856,0.37823717595024975,-0.02417083287353247,0.0
0.8654150416370091,0.09710473542704678,0.012376384394483915,0.12376384394483915
0.8687313353883722,0.0959440326140697,0.012527275760170938,0.12527275760170936
0.5342316915139405,0.21301890797012085,-0.002692458036115713,0.0
0.8183596744213079,0.11357411395254224,0.010235365186169505,0.10235365186169505
0.5682774294463998,0.20110289969376008,-0.001143376960188812,0.0
0.5804733010507268,0.1968343446322456,-0.0005884648021919313,0.0
0.8399609761664693,0.10601365834173576,0.011218224415574348,0.11218224415574349
0.5632689821078506,0.2028558562622523,-0.0013712613140928025,0.0
0.3335103268881155,0.2832713855891596,-0.011825280126590749,0.0
0.2468798715342739,0.31359204496300414,-0.01576696584519054,0.0
0.4241587303425322,0.2515444443801137,-0.007700777769414784,0.0
0.6984349360749317,0.1555477723737739,0.004778789591409389,0.04778789591409389
0.5739731582159413,0.19910939462442054,-0.000884221301174673,0.0
0.3107679533331086,0.291231216333412,-0.012860058123343562,0.0
0.36050303235200415,0.27382393867679855,-0.010597112027983812,0.0
0.6511182184860695,0.17210862352987566,0.0026258789411161623,0.026258789411161623
0.3881369788568868,0.2641520574000896,-0.009339767462011653,0.0
0.5517947321698624,0.20687184374054815,-0.0018933396862712629,0.0
0.7060686010235924,0.15287598964174268,0.005126121346573448,0.05126121346573448
0.631388350647117,0.17901407727350907,0.0017281699544438173,0.017281699544438173
0.5727542120612741,0.1995360257785541,-0.0009396833512120353,0.0
0.3927092440360494,0.2625517645873827,-0.00913172939635976,0.0
0.4463478115102841,0.2437782659714006,-0.006691174576282082,0.0
0.08366117575149737,0.3707185884869759,-0.023193416503306873,0.0
0.3241313975778868,0.2865540108477396,-0.012252021410206152,0.0
0.5096448104206761,0.22162431635276336,-0.00381116112585924,0.0
0.346417922997509,0.27875372695087186,-0.011237984503613348,0.0
0.23210620232052337,0.31876282918781684,-0.016439167794416194,0.0
0.12938194210310433,0.35471632026391353,-0.02111312163430876,0.0
0.2703877070900178,0.3053643025184938,-0.014697359327404198,0.0
0.19051558689576872,0.33331954458648094,-0.018331540796242527,0.0
0.1977631349324121,0.3307829027736558,-0.018001777360575257,0.0
0.6139661762346365,0.18511183831787725,0.0009354610186759552,0.009354610186759552
0.7082885463394621,0.15209900878118826,0.005227128858445524,0.05227128858445524
0.3904410478644998,0.2633456332474251,-0.009234932322165264,0.0
0.29951596176523737,0.29516941338216696,-0.013372023739681705,0.0
0.5953149625782475,0.19163976309761338,8.683079731025903e-05,0.0008683079731025903
0.7771919242575822,0.12798282650984621,0.00836223255371999,0.0836223255371999
0.42545800893080843,0.25108969687421706,-0.007641660593648219,0.0
0.8750762889764183,0.09372329885825359,0.01281597114842703,0.1281597114842703
0.3717044485244187,0.26990344301645347,-0.010087447592138952,0.0
0.2729103099349657,0.30448139152276205,-0.01458258089795907,0.0
0.20375441128433744,0.3286859560504819,-0.017729174286562652,0.0
0.12316972695705083,0.3568905955650322,-0.02139577742345419,0.0
0.2377565969864103,0.31678519105475644,-0.01618207483711834,0.0
0.4545289337628999,0.24091487318298505,-0.006318933513788056,0.0
0.8886774016950512,0.08896290940673207,0.013434821777124828,0.13434821777124828
0.7098830955480109,0.15154091655819618,0.005299680847434495,0.05299680847434495
0.8067764871823715,0.11762822948616997,0.009708330166797901,0.09708330166797902
0.6524871276314788,0.17162950532898244,0.002688164307232281,0.02688164307232281
0.21988265054140507,0.32304107231050827,-0.016995339400366075,0.0
0.8584023531267925,0.09955917640562262,0.012057307067269056,0.12057307067269056
0.7537253409724732,0.13619613065963437,0.0072945030142475276,0.07294503014247528
0.4475164301014222,0.24336924946450222,-0.00663800243038529,0.0
0.42814846390127176,0.2501480376345549,-0.0075192448924921405,0.0
0.5594328240316212,0.2041985115889326,-0.0015458065065612411,0.0
0.42662417288272764,0.2506815394910453,-0.007588600133835898,0.0
0.5754816730769365,0.19858141442307223,-0.000815583874999394,0.0
0.1881953108978086,0.334131641185767,-0.01843711335414971,0.0
0.1793489489694637,0.3372278678606877,-0.018839622821889408,0.0
0.635374018893422,0.17761909338730228,0.0019095178596507008,0.019095178596507008
0.7758118345572396,0.12846585790496617,0.008299438472354394,0.08299438472354395
0.4424316807400894,0.24514891174096873,-0.006869358526325937,0.0
0.8288545840935173,0.10990089556726895,0.010712883576255034,0.10712883576255035
0.4262895169883796,0.2507986690540671,-0.007603826977028726,0.0
0.6178573741218133,0.18374991905736535,0.001112510522542503,0.011125105225425029
0.8240312199705356,0.11158907301031251,0.010493420508659371,0.10493420508659371
0.5854784062817247,0.19508255780139638,-0.0003607325141815332,0.0
0.2803093456142351,0.3018917290350177,-0.014245924774552308,0.0
0.49708479430375935,0.22602032199368424,-0.004382641859178953,0.0
0.9273636329156079,0.07542272847953724,0.015195045297660156,0.15195045297660156
0.45967333540698374,0.23911433260755569,-0.006084863238982243,0.0
0.4477181551377485,0.24329864570178802,-0.006628823941232449,0.0
0.8375250638900925,0.10686622763846759,0.01110739040699921,0.1110739040699921
0.609377808646923,0.18671776697357695,0.0007266902934349936,0.007266902934349936
0.13782367986739907,0.3517617120464103,-0.02072902256603335,0.0
0.3313563373401998,0.2840252819309301,-0.011923286651020912,0.0
0.13746605738375303,0.35188687991568646,-0.020745294389039246,0.0
0.972370699552342,0.059670255156680285,0.01724286682963156,0.1724286682963156
0.781257912667599,0.12655973056634034,0.008547235026375753,0.08547235026375752
0.8260137262890053,0.11089519579884816,0.010583624546149736,0.10583624546149736
0.02037527378978508,0.39286865417357525,-0.026072925042564785,0.0
0.47963502146628545,0.2321277424868001,-0.005176606523284017,0.0
0.7033175492586177,0.1538388577594838,0.0050009484912671015,0.050009484912671015
0.350038476316203,0.27748653328932893,-0.011073249327612767,0.0
0.32537426747629344,0.2861190063832973,-0.012195470829828654,0.0
0.6495830441890238,0.17264593453384167,0.002556028510600581,0.02556028510600581
0.9747228343875056,0.05884700796437303,0.017349888964631504,0.17349888964631505
0.2938069255864034,0.2971675760447588,-0.013631784885818645,0.0
0.9469972202511445,0.06855097291209938,0.016088373521427078,0.1608837352142708
0.6367312058273428,0.17714407796043002,0.001971269865144093,0.01971269865144093
0.3909258213049666,0.2631759625432617,-0.009212875130624024,0.0
0.3782395303417968,0.26761616438037117,-0.009790101369448256,0.0
0.3037640659730125,0.29368257690944566,-0.013178734998227939,0.0
0.2732609647524092,0.3043586623366568,-0.014566626103765388,0.0
0.2530225348315271,0.3114421128089655,-0.015487474665165517,0.0
0.5918227012113206,0.19286205457603778,-7.206709488491447e-05,0.0
0.44853743436995525,0.24301189797051567,-0.006591546736167037,0.0
0.2387116517192525,0.31645092189826163,-0.016138619846774015,0.0
0.7251500226468425,0.1461974920736051,0.005994326030431332,0.05994326030431332
0.7277318649667395,0.14529384726164118,0.006111799855986644,0.06111799855986644
0.6568107755271353,0.17011622856550265,0.002884890286484653,0.02884890286484653
0.821398277529374,0.11251060286471909,0.010373621627586515,0.10373621627586516
0.32038914133896074,0.28786380053136373,-0.01242229406907729,0.0
0.7094168589002172,0.15170409938492396,0.005278467079959881,0.05278467079959881
0.4432472540393311,0.24486346108623414,-0.006832249941210438,0.0
0.34407668882218445,0.27957315891223544,-0.011344510658590611,0.0
0.43052259638442575,0.24931709126545099,-0.0074112218645086304,0.0
0.2976979063579807,0.2958057327747068,-0.013454745260711883,0.0
0.624258106753646,0.1815096626362239,0.00140374385729089,0.0140374385729089
0.93553683090794,0.072562109182221,0.015566925806311267,0.15566925806311266
0.6507063451626267,0.17225277919308066,0.002607138704899512,0.026071387048995122
0.6773023254094275,0.1629441861067004,0.003817255806128947,0.03817255806128947
0.33338591584012,0.28331492945595804,-0.011830940829274546,0.0
0.8407442163677965,0.1057395242712712,0.011253861844734741,0.11253861844734742
0.7262734979383414,0.1458042757215805,0.0060454441561945335,0.060454441561945335
0.31055579094196545,0.2913054731703121,-0.012869711512140575,0.0
0.7895319748766357,0.12366380879317751,0.00892370485688692,0.0892370485688692
0.42463405398698006,0.25137808110455695,-0.007679150543592406,0.0
0.453650349653047,0.24122237762143356,-0.006358909090786364,0.0
0.5611103791780899,0.20361136728766854,-0.001469477747396912,0.0
0.8710717002454362,0.09512490491409731,0.012633762361167348,0.12633762361167347
0.7400561059455777,0.1409803629190478,0.006672552820523783,0.06672552820523783
0.5055061718762438,0.22307283984331466,-0.003999469179630909,0.0
0.7029518893591229,0.153966838724307,0.004984310965840087,0.04984310965840087
0.7150031705696825,0.14974889030061111,0.005532644260920552,0.05532644260920552
0.5689151284027488,0.2008797050590379,-0.0011143616576749296,0.0
0.370716051801884,0.2702493818693406,-0.01013241964301428,0.0
0.17338175116677726,0.339316387091628,-0.019111130321911644,0.0
0.5119349274529313,0.22082277539147405,-0.0037069608008916295,0.0
0.5656841555540372,0.202010545556087,-0.001261370922291314,0.0
0.5498504320803033,0.20755234877189385,-0.0019818053403462023,0.0
0.3665255003417213,0.2717160748803975,-0.010323089734451677,0.0
0.7984167530982454,0.12055413641561408,0.009327962265970168,0.09327962265970169
0.671454742620176,0.1649908400829384,0.003551190789218006,0.03551190789218006
0.4011039880418503,0.2596136041853524,-0.008749768544095812,0.0
0.8040162912343662,0.11859429806797184,0.009582741251163658,0.09582741251163658
0.4055083794812434,0.25807206718156483,-0.008549368733603433,0.0
0.8269700477155684,0.1105604832995511,0.010627137171058355,0.10627137171058355
0.6684819769382094,0.1660313080716267,0.003415929950688526,0.03415929950688526
0.3144561737618135,0.28994033918336526,-0.012692244093837488,0.0
0.358878812493996,0.27439241562710137,-0.010671014031523183,0.0
0.42476471263911264,0.2513323505763106,-0.007673205574920381,0.0
0.23974060592196633,0.3160907879273118,-0.01609180243055054,0.0
0.3291765179261646,0.2847882187258424,-0.012022468434359519,0.0
0.4065176881867557,0.2577188091346355,-0.00850344518750262,0.0
0.40132383106821645,0.2595366591261242,-0.008739765686396155,0.0
0.6320433907298957,0.17878481324453652,0.001757974278210249,0.01757974278210249
0.3335039673668353,0.2832736114216077,-0.011825569484809003,0.0
0.41586919380751497,0.2544457821673698,-0.008077951681758077,0.0
0.25261882354450516,0.3115834117594232,-0.015505843528725024,0.0
0.7433662365428418,0.13982181721000536,0.0068231637626993,0.068231637626993
0.5198318164941078,0.21805886422706228,-0.003347652349518098,0.0
0.40260958195717184,0.2590866463149899,-0.008681264020948692,0.0
0.5138788503139385,0.2201424023901215,-0.0036185123107157977,0.0
0.4327558976607757,0.2485354358187285,-0.007309606656434705,0.0
0.7504338892073095,0.13734813877744168,0.007144741958932579,0.0714474195893258
0.5964275666901704,0.19125035165844037,0.00013745428440275,0.0013745428440275
0.8360187150042662,0.10739344974850684,0.011038851532694108,0.11038851532694108
0.38969601749480604,0.2636063938768179,-0.00926883120398633,0.0
0.6870316085935024,0.15953893699227414,0.0042599381910043595,0.042599381910043595
0.42518558369096343,0.2511850457081628,-0.0076540559420611685,0.0
0.3503470822571964,0.2773785212099813,-0.01105920775729757,0.0
0.5989792474366578,0.1903572633971698,0.0002535557583679231,0.0025355575836792307
0.7215878648994883,0.14744424728517908,0.005832247852926718,0.058322478529267176
0.1660795024552428,0.34187217414066506,-0.019443382638286464,0.0
0.7717170891157902,0.1298990188094734,0.008113127554768455,0.08113127554768454
0.8274674330877686,0.110386398419281,0.010649768205493468,0.10649768205493468
0.4471826122429924,0.24348608571495267,-0.0066531911429438505,0.0
0.1274047444569899,0.35540833944005357,-0.021203084127206968,0.0
0.3438411343626579,0.27965560297306974,-0.011355228386499067,0.0
0.690643833659923,0.15827465821902695,0.004424294431526494,0.04424294431526494
0.6167895397363128,0.18412366109229053,0.0010639240580022288,0.010639240580022288
0.5261893766970661,0.21583371815602687,-0.0030583833602834953,0.0
0.4234729639878874,0.2517844626042394,-0.007731980138551125,0.0
0.302946981538715,0.29396855646144976,-0.013215912339988475,0.0
0.32097400330226733,0.28765909884420643,-0.012395682849746837,0.0
0.2680293603846775,0.3061897238653629,-0.014804664102497183,0.0
0.32865835645250935,0.28496957524162175,-0.012046044781410834,0.0
0.5200280549835619,0.21799018075575335,-0.0033387234982479377,0.0
0.21113299336061062,0.3261034523237863,-0.01739344880209222,0.0
0.3212740402720401,0.287554085904786,-0.012382031167622178,0.0
0.7179759464159848,0.14870841875440532,0.005667905561927304,0.05667905561927304
0.44193514212917606,0.2453227002547884,-0.006891951033122495,0.0
0.28107154834118075,0.30162495808058676,-0.014211244550476284,0.0
0.7366614262923689,0.1421685007976709,0.006518094896302781,0.06518094896302781
0.920985732947892,0.07765499346823779,0.014904850849129085,0.14904850849129087
0.6905557435778662,0.15830548974774683,0.00442028633279291,0.0442028633279291
0.5253633018748486,0.216122844343803,-0.0030959697646943916,0.0
0.7750785100988979,0.1287225214653857,0.008266072209499854,0.08266072209499854
0.5322908077703725,0.2136982172803696,-0.0027807682464480524,0.0
0.3005387277778959,0.29481144527773645,-0.013325487886105745,0.0
0.21668399292790658,0.3241606024752327,-0.017140878321780257,0.0
0.5084956730276401,0.22202651444032598,-0.003863446877242379,0.0
0.16143083203661285,0.34349920878718554,-0.019654897142334125,0.0
0.6017185657184875,0.1893985019985294,0.0003781947401911741,0.0037819474019117408
0.8176596590490975,0.11381911933281585,0.010203514486733936,0.10203514486733936
0.6600351328871774,0.1689877034894879,0.00303159854636657,0.0303159854636657
0.37745397940260794,0.26789110720908726,-0.00982584393718135,0.0
0.8305676340137534,0.10930132809518628,0.010790827347625782,0.10790827347625781
0.6974530278692536,0.15589144024576126,0.004734112768051031,0.04734112768051031
0.1916559305395269,0.3329204243111656,-0.01827965516045153,0.0
0.016275124619657768,0.3943037063831198,-0.026259481829805576,0.0
0.5550277824443016,0.20574027614449444,-0.0017462358987842819,0.0
0.3076667568156013,0.29231663511453954,-0.013001162564890142,0.0
0.7852536560017046,0.12516122039940336,0.00872904134807756,0.0872904134807756
0.1995640965860171,0.330152566194894,-0.017919833605336225,0.0
0.5380302863142512,0.21168939979001208,-0.002519621972701575,0.0
0.30410849273766805,0.2935620275418162,-0.013163063580436108,0.0
0.7452558047725831,0.1391604683295959,0.006909139117152532,0.06909139117152532
0.6103718870295356,0.18636983953966255,0.0007719208598438651,0.007719208598438651
0.37043068611595137,0.27034925985941705,-0.01014540378172422,0.0
0.8770047890692089,0.09304832382577688,0.012903717902649003,0.12903717902649003
0.4399094951839628,0.24603167668561304,-0.006984117969129702,0.0
0.5518528054504982,0.20685151809232563,-0.0018906973520023337,0.0
0.4655482080306602,0.23705812718926894,-0.005817556534604966,0.0
0.8231835709710421,0.11188575016013524,0.010454852479182415,0.10454852479182415
0.38463248783176957,0.26537862925888067,-0.009499221803654489,0.0
0.3617029544187169,0.27340396595344907,-0.01054251557394838,0.0
0.7696902592488758,0.13060840926289347,0.008020906795823846,0.08020906795823846
0.4845001071919771,0.23042496248280803,-0.004955245122765045,0.0
0.7272452185047464,0.14546417352333874,0.006089657441965962,0.06089657441965962
0.3945601402792975,0.2619039509022459,-0.009047513617291971,0.0
0.49209333393264354,0.22776733312357478,-0.004609753306064723,0.0
0.3483759972269584,0.27806840097056457,-0.011148892126173395,0.0
0.6298390050378824,0.17955634823674116,0.001657674729223648,0.01657674729223648
0.13609317819919475,0.35236738763028186,-0.020807760391936648,0.0
0.5696668435782117,0.2006166047476259,-0.0010801586171913721,0.0
0.32014986650678484,0.28794754672262535,-0.012433181073941296,0.0
0.696204279500727,0.15632850217474553,0.004677294717283079,0.04677294717283079
0.5699814798750962,0.20050648204371635,-0.0010658426656831275,0.0
0.7273369805255319,0.14543205681606386,0.006093832613911696,0.06093832613911696
0.36384770229223895,0.2726533041977164,-0.01044492954570313,0.0
0.9066886151946376,0.08265898468187682,0.01425433199135601,0.1425433199135601
0.8403143608301605,0.10588997370944381,0.011234303417772302,0.11234303417772303
0.6217577996475718,0.18238477012334986,0.0012899798839645163,0.012899798839645163
0.6565222988309187,0.17021719540917846,0.0028717645968067973,0.028717645968067973
0.43094734579838884,0.2491684289705639,-0.007391895766173311,0.0
0.24326758701399512,0.3148563445451017,-0.015931324790863222,0.0
0.7194719156535743,0.148184829521249,0.005735972162237625,0.05735972162237625
0.25173854680024427,0.31189150861991455,-0.015545896120588893,0.0
0.7583332138155203,0.13458337516456786,0.007504161228606174,0.07504161228606174
0.5992394699727043,0.19026618550955351,0.0002653958837580406,0.0026539588375804057
0.35522231982867153,0.27567218805996496,-0.010837384447795449,0.0
0.6504409494397453,0.17234566769608914,0.002595063199508408,0.02595063199508408
0.16260228020463866,0.3430892019283765,-0.01960159625068895,0.0
0.46346457221284953,0.23778739972550267,-0.005912361964315351,0.0
0.5403053000458535,0.21089314498395126,-0.0024161088479136665,0.0
0.5448203239949759,0.20931288660175842,-0.002210675258228597,0.0
0.21016856889698457,0.32644100088605543,-0.01743733011518721,0.0
0.5924239629787528,0.19265161295743652,-4.4709684466751054e-05,0.0
0.9144650370424244,0.07993723703515143,0.01460815918543031,0.1460815918543031
0.6243589869450702,0.18147435456922542,0.0014083339060006923,0.014083339060006923
0.7874450825213953,0.12439422111751164,0.008828751254723485,0.08828751254723485
0.6679544467407681,0.16621594364073117,0.003391927326704944,0.03391927326704944
0.7654600329688173,0.13208898846091394,0.007828431500081185,0.07828431500081184
0.6282982627678606,0.1800956080312488,0.001587570955937652,0.01587570955937652
0.3833728128012114,0.26581951551957606,-0.00955653701754489,0.0
0.7567679870490007,0.13513120453284977,0.007432943410729528,0.07432943410729528
0.5113199472894027,0.22103801844870907,-0.0037349423983321813,0.0
0.3357938045713098,0.2824721684000416,-0.011721381892005407,0.0
0.21141323584397237,0.3260053674546097,-0.01738069776909926,0.0
0.35568257864395125,0.2755110974746171,-0.01081644267170023,0.0
0.8100114521216208,0.1164959917574327,0.009855521071533747,0.09855521071533746
0.4260922454290139,0.2508677140998451,-0.007612802832979864,0.0
0.3532225966494018,0.2763720911727094,-0.010928371852452223,0.0
0.482913743549492,0.2309801897576778,-0.005027424668498117,0.0
0.9190361422509455,0.07833735021216903,0.014816144472418023,0.14816144472418022
0.3440751302365621,0.2795737044172033,-0.011344581574236432,0.0
0.46381531623750155,0.23766463931687445,-0.005896403111193681,0.0
0.21535086231295858,0.3246271981904645,-0.017201535764760387,0.0
0.697411046479759,0.15590613373208434,0.004732202614829033,0.04732202614829033
0.22568642502950617,0.32100975123967285,-0.016731267661157474,0.0
0.3111492237664142,0.29109777168175505,-0.012842710318628162,0.0
0.5603143719458581,0.20388996981894966,-0.001505696076463458,0.0
0.8802198407132336,0.09192305575036824,0.013050002752452126,0.13050002752452128
0.7137414615559445,0.1501904884554194,0.005475236500795476,0.05475236500795476
0.9157487369370803,0.07948794207202192,0.014666567530637147,0.14666567530637148
0.39064539875838955,0.26327411043456367,-0.00922563435649328,0.0
0.6070428598540635,0.1875349990510778,0.0006204501233598829,0.006204501233598829
0.14776886459146926,0.3482808973929858,-0.020276516661088154,0.0
0.18189632853455232,0.3363362850129067,-0.018723717051677875,0.0
0.2984863140699196,0.29552979007552815,-0.013418872709818664,0.0
0.6803315774757815,0.16188394788347646,0.003955086775148057,0.03955086775148057
0.5897028911325223,0.1936039881036172,-0.00016851845347023997,0.0
0.016217185435198248,0.39432398509768063,-0.026262118062698483,0.0
0.6686591260451182,0.1659693058842086,0.0034239902350528782,0.03423990235052878
0.47003758468050316,0.2354868453618239,-0.005613289897037112,0.0
0.5757070441093866,0.1985025345617147,-0.0008053294930229146,0.0
0.7685175627750296,0.13101885302873967,0.007967549106263839,0.07967549106263838
0.6907724913227826,0.1582296280370261,0.004430148355186604,0.04430148355186604
0.817547266470679,0.11385845673526235,0.010198400624415892,0.10198400624415892
0.10928484970963954,0.36175030260162616,-0.022027539338211406,0.0
0.6014439070335375,0.1894946325382619,0.0003656977700259509,0.003656977700259509
0.6710624336779264,0.16512814821272576,0.003533340732345649,0.03533340732345649
0.8213604621113602,0.11252383826102397,0.010371901026066882,0.10371901026066882
0.6614532491314156,0.16849136280400456,0.003096122835479404,0.03096122835479404
0.6755932320069454,0.1635423687975691,0.003739492056316015,0.03739492056316015
0.6262266900879913,0.18082065846920306,0.0014933143990036,0.014933143990036
0.3044230643390203,0.2934519274813429,-0.013148750572574582,0.0
0.91125357732452,0.081061247936418,0.014462037768265658,0.1446203776826566
0.4426264102186496,0.24508075642347263,-0.006860498335051448,0.0
0.5416004523885185,0.21043984166401852,-0.0023571794163224115,0.0
0.8088348300178699,0.11690780949374552,0.00980198476581308,0.0980198476581308
0.918981297829657,0.07835654575962003,0.014813649051249394,0.14813649051249395
0.25291024274348917,0.3114814150397788,-0.015492583955171241,0.0
0.5353522123774388,0.21262672566789642,-0.0026414743368265367,0.0
0.35005637400068723,0.2774802690997595,-0.011072434982968737,0.0
0.26894039843558076,0.30587086054754675,-0.01476321187118108,0.0
0.47651317308711233,0.2332203894195107,-0.005318650624536396,0.0
0.35697359733440204,0.2750592409329593,-0.010757701321284712,0.0
0.39530175752707086,0.2616443848655252,-0.00901377003251828,0.0
0.15489270956549325,0.34578755165207736,-0.019952381714770064,0.0
